,Genre,AVG Danceability,AVG Energy,AVG Key,AVG Loudness,AVG Mode,AVG Speechiness,AVG Acousticness,AVG Instrumentalness,AVG Liveness,AVG Valence,AVG Tempo
0,Pop,0.627578947368421,0.5634736842105262,4.4737,-6.463210526315789,0.5789,0.06390526315789474,0.29655263157894735,3.4699999999999996e-05,0.13442105263157897,0.4236842105263157,118.71184210526316
1,Latin,0.754,0.7291666666666666,6.5833,-5.452166666666667,0.75,0.051975,0.27435000000000004,0.0001368625,0.20472500000000002,0.7948333333333334,128.64149999999998
2,Edm,0.6713333333333332,0.7353333333333333,6.6667,-5.312,0.3333,0.0537,0.038033333333333336,0.04844733333333332,0.13566666666666669,0.399,133.985
3,Rap,0.7161666666666666,0.5536666666666666,6.0,-6.918833333333333,0.1667,0.26299999999999996,0.307,7.343333333333332e-06,0.17516666666666666,0.5668333333333333,143.4553333333333
4,Rock,0.53275,0.622625,6.0,-6.274124999999999,0.75,0.033100000000000004,0.26791750000000003,0.021223646250000002,0.21830000000000002,0.32806250000000003,131.053625
5,R&b,0.733,0.436,10.0,-10.489,1.0,0.08,0.258,0.000573,0.157,0.0976,96.985
6,Hiphop,0.65,0.715,5.0,-5.198,0.0,0.253,0.0993,0.000291,0.126,0.187,106.672
